INDEX,TEAM,ROLE,E,A,D,DMG,H,MIT,GAME
1,1,TANK,7,3,6,5933,1068,6199,DEFEAT
1,1,DAMAGE,7,0,10,3601,747,0,DEFEAT
1,1,DAMAGE,9,1,6,4352,0,0,DEFEAT
1,1,SUPPORT,7,7,2,2332,6325,0,DEFEAT
1,1,SUPPORT,6,4,2,3410,5979,606,DEFEAT
1,2,TANK,14,0,4,4553,0,7781,VICTORY
1,2,DAMAGE,16,0,3,6120,0,1271,VICTORY
1,2,DAMAGE,17,0,3,7512,1215,0,VICTORY
1,2,SUPPORT,15,16,2,4726,6868,0,VICTORY
1,2,SUPPORT,7,12,1,856,6071,173,VICTORY
2,1,TANK,7,2,9,5387,0,7679,DEFEAT
2,1,DAMAGE,6,3,7,4618,695,0,DEFEAT
2,1,DAMAGE,11,2,6,6271,623,0,DEFEAT
2,1,SUPPORT,8,8,4,2296,8531,0,DEFEAT
2,1,SUPPORT,6,4,9,2292,7140,0,DEFEAT
2,2,TANK,16,6,2,4803,0,5237,VICTORY
2,2,DAMAGE,21,2,5,12433,230,1673,VICTORY
2,2,DAMAGE,17,2,4,5802,0,3290,VICTORY
2,2,SUPPORT,10,19,2,2143,7152,0,VICTORY
2,2,SUPPORT,17,12,2,4412,8007,93,VICTORY
3,1,TANK,11,3,4,6642,0,10558,DEFEAT
3,1,DAMAGE,12,0,7,5522,320,0,DEFEAT
3,1,DAMAGE,0,0,0,0,0,0,DEFEAT
3,1,SUPPORT,8,11,4,2017,4445,0,DEFEAT
3,1,SUPPORT,10,11,6,3319,6636,0,DEFEAT
3,2,TANK,15,1,6,4842,252,4900,VICTORY
3,2,DAMAGE,7,9,4,3803,0,0,VICTORY
3,2,DAMAGE,14,0,4,4815,0,1369,VICTORY
3,2,SUPPORT,11,9,3,3157,4641,870,VICTORY
3,2,SUPPORT,14,9,4,4649,7559,0,VICTORY
4,1,TANK,0,0,2,1660,941,350,DEFEAT
4,1,DAMAGE,4,1,9,1827,261,0,DEFEAT
4,1,DAMAGE,2,0,4,2690,299,176,DEFEAT
4,1,SUPPORT,2,3,0,2119,2484,0,DEFEAT
4,1,SUPPORT,4,1,5,1627,2895,0,DEFEAT
4,2,TANK,14,2,0,4741,119,1444,VICTORY
4,2,DAMAGE,15,1,2,2745,0,0,VICTORY
4,2,DAMAGE,10,1,1,3408,334,0,VICTORY
4,2,SUPPORT,1,9,0,140,3941,262,VICTORY
4,2,SUPPORT,6,8,2,1515,3060,0,VICTORY
5,1,TANK,17,4,8,11599,3189,3850,DEFEAT
5,1,DAMAGE,14,2,10,10301,0,363,DEFEAT
5,1,DAMAGE,23,0,10,9752,576,91,DEFEAT
5,1,SUPPORT,9,19,3,3252,9402,0,DEFEAT
5,1,SUPPORT,11,10,11,5132,8685,273,DEFEAT
5,2,TANK,14,4,7,11500,0,13971,VICTORY
5,2,DAMAGE,26,4,6,11515,553,0,VICTORY
5,2,DAMAGE,23,3,7,10443,1333,2241,VICTORY
5,2,SUPPORT,16,23,5,4233,14085,23,VICTORY
5,2,SUPPORT,2,26,4,360,13072,0,VICTORY
6,1,TANK,17,5,8,11802,0,10874,DEFEAT
6,1,DAMAGE,17,0,11,9016,1,2206,DEFEAT
6,1,DAMAGE,10,3,8,4915,0,4,DEFEAT
6,1,SUPPORT,13,11,4,3634,12296,818,DEFEAT
6,1,SUPPORT,5,12,9,1343,13480,0,DEFEAT
6,2,TANK,20,7,5,8372,323,9132,VICTORY
6,2,DAMAGE,21,5,7,6539,640,0,VICTORY
6,2,DAMAGE,27,0,4,10808,0,3221,VICTORY
6,2,SUPPORT,9,17,6,2667,9168,146,VICTORY
6,2,SUPPORT,33,14,4,11104,9788,0,VICTORY
7,1,TANK,25,6,9,13542,0,17687,DEFEAT
7,1,DAMAGE,23,1,11,12234,143,161,DEFEAT
7,1,DAMAGE,24,0,12,10015,233,10,DEFEAT
7,1,SUPPORT,21,17,4,7175,11125,0,DEFEAT
7,1,SUPPORT,12,22,10,4690,11128,135,DEFEAT
7,2,TANK,22,6,7,10560,3004,6538,VICTORY
7,2,DAMAGE,23,6,9,10304,1544,2482,VICTORY
7,2,DAMAGE,21,1,15,11118,334,0,VICTORY
7,2,SUPPORT,22,21,8,9744,11502,0,VICTORY
7,2,SUPPORT,10,22,10,3491,14536,698,VICTORY
8,1,TANK,13,0,11,9761,0,16921,DEFEAT
8,1,DAMAGE,23,0,12,7474,0,0,DEFEAT
8,1,DAMAGE,25,2,7,16318,0,0,DEFEAT
8,1,SUPPORT,18,18,3,5166,13493,0,DEFEAT
8,1,SUPPORT,19,19,10,5423,11736,78,DEFEAT
8,2,TANK,30,10,7,13119,2853,4799,VICTORY
8,2,DAMAGE,20,1,11,9863,0,0,VICTORY
8,2,DAMAGE,20,2,10,7226,721,1402,VICTORY
8,2,SUPPORT,10,24,7,2440,11485,278,VICTORY
8,2,SUPPORT,23,16,8,8370,12052,0,VICTORY
9,1,TANK,3,0,3,3404,0,8764,DEFEAT
9,1,DAMAGE,5,0,6,2671,0,0,DEFEAT
9,1,DAMAGE,1,0,8,3198,785,11,DEFEAT
9,1,SUPPORT,2,4,0,1360,4569,0,DEFEAT
9,1,SUPPORT,1,2,5,514,3709,0,DEFEAT
9,2,TANK,15,3,1,4260,652,840,VICTORY
9,2,DAMAGE,12,3,1,4068,190,0,VICTORY
9,2,DAMAGE,15,1,1,5290,338,0,VICTORY
9,2,SUPPORT,11,5,3,3214,2907,0,VICTORY
9,2,SUPPORT,0,13,1,0,4409,0,VICTORY
10,1,TANK,22,4,7,11034,0,5647,DEFEAT
10,1,DAMAGE,15,1,7,7287,1717,0,DEFEAT
10,1,DAMAGE,13,0,12,7127,1428,0,DEFEAT
10,1,SUPPORT,13,18,5,3735,10456,0,DEFEAT
10,1,SUPPORT,6,7,8,2398,8349,613,DEFEAT
10,2,TANK,24,5,3,10540,0,4457,VICTORY
10,2,DAMAGE,20,1,8,9873,959,583,VICTORY
10,2,DAMAGE,27,0,9,9350,0,134,VICTORY
10,2,SUPPORT,9,9,7,3153,7969,0,VICTORY
10,2,SUPPORT,13,21,5,3190,9880,0,VICTORY
11,1,TANK,10,1,8,8066,544,4371,DEFEAT
11,1,DAMAGE,11,2,7,7606,892,0,DEFEAT
11,1,DAMAGE,13,0,8,8888,4,3269,DEFEAT
11,1,SUPPORT,4,8,4,1457,8559,0,DEFEAT
11,1,SUPPORT,6,3,8,2879,4837,463,DEFEAT
11,2,TANK,27,10,1,7409,1515,3335,VICTORY
11,2,DAMAGE,24,0,6,6722,0,3461,VICTORY
11,2,DAMAGE,21,2,7,7377,918,0,VICTORY
11,2,SUPPORT,20,17,2,3375,8460,2250,VICTORY
11,2,SUPPORT,6,21,4,1580,7473,452,VICTORY
12,1,TANK,4,0,5,3475,165,6043,DEFEAT
12,1,DAMAGE,3,0,3,3854,365,13,DEFEAT
12,1,DAMAGE,4,0,3,4754,0,86,DEFEAT
12,1,SUPPORT,4,4,2,1209,5043,0,DEFEAT
12,1,SUPPORT,1,4,4,573,3509,180,DEFEAT
12,2,TANK,12,3,1,4535,0,8443,VICTORY
12,2,DAMAGE,5,0,4,3156,165,83,VICTORY
12,2,DAMAGE,9,0,0,4108,0,423,VICTORY
12,2,SUPPORT,9,7,1,2688,5092,0,VICTORY
12,2,SUPPORT,2,10,1,783,5886,129,VICTORY
13,1,TANK,15,2,8,9055,1643,5384,DEFEAT
13,1,DAMAGE,13,1,6,10582,638,3564,DEFEAT
13,1,DAMAGE,14,4,11,9754,0,91,DEFEAT
13,1,SUPPORT,5,14,4,4361,8201,0,DEFEAT
13,1,SUPPORT,0,15,6,380,10542,0,DEFEAT
13,2,TANK,21,7,4,12387,2759,4257,VICTORY
13,2,DAMAGE,19,2,5,7828,0,793,VICTORY
13,2,DAMAGE,22,1,9,10883,0,0,VICTORY
13,2,SUPPORT,1,21,4,1685,7274,0,VICTORY
13,2,SUPPORT,3,13,3,2518,11644,632,VICTORY
14,1,TANK,27,13,2,12097,0,7906,DEFEAT
14,1,DAMAGE,20,6,6,4732,614,658,DEFEAT
14,1,DAMAGE,15,0,6,9738,269,197,DEFEAT
14,1,SUPPORT,21,21,5,5162,6634,0,DEFEAT
14,1,SUPPORT,9,19,6,1813,11730,853,DEFEAT
14,2,TANK,6,0,5,3895,21,8922,VICTORY
14,2,DAMAGE,13,0,9,9841,670,0,VICTORY
14,2,DAMAGE,20,2,6,10020,0,0,VICTORY
14,2,SUPPORT,2,16,6,783,12379,0,VICTORY
14,2,SUPPORT,9,10,6,4016,10344,4666,VICTORY
15,1,TANK,23,6,8,6767,0,13706,DEFEAT
15,1,DAMAGE,17,3,11,9450,1144,0,DEFEAT
15,1,DAMAGE,13,0,12,8674,150,1061,DEFEAT
15,1,SUPPORT,9,17,10,4254,10895,3031,DEFEAT
15,1,SUPPORT,9,18,7,3236,13590,480,DEFEAT
15,2,TANK,27,6,2,17860,0,14613,VICTORY
15,2,DAMAGE,27,0,10,9288,0,1030,VICTORY
15,2,DAMAGE,25,0,8,10367,1209,0,VICTORY
15,2,SUPPORT,5,22,7,1814,7266,130,VICTORY
15,2,SUPPORT,12,11,4,4483,11544,1183,VICTORY
16,1,TANK,2,0,3,3888,0,7052,DEFEAT
16,1,DAMAGE,5,1,11,5264,0,2110,DEFEAT
16,1,DAMAGE,8,2,10,5409,127,0,DEFEAT
16,1,SUPPORT,1,0,9,1912,6109,0,DEFEAT
16,1,SUPPORT,0,3,9,720,6694,0,DEFEAT
16,2,TANK,23,2,1,9591,0,6869,VICTORY
16,2,DAMAGE,18,8,3,7593,0,0,VICTORY
16,2,DAMAGE,24,0,1,6944,0,0,VICTORY
16,2,SUPPORT,7,10,2,2832,4652,58,VICTORY
16,2,SUPPORT,0,22,1,0,8619,0,VICTORY
17,1,TANK,22,4,8,10373,0,9678,DEFEAT
17,1,DAMAGE,21,3,13,16193,1229,474,DEFEAT
17,1,DAMAGE,19,2,13,11097,0,888,DEFEAT
17,1,SUPPORT,1,15,11,2265,13746,236,DEFEAT
17,1,SUPPORT,7,16,12,2913,11933,328,DEFEAT
17,2,TANK,43,4,8,16324,3248,3774,VICTORY
17,2,DAMAGE,22,10,8,12413,863,2555,VICTORY
17,2,DAMAGE,26,18,9,8179,1468,0,VICTORY
17,2,SUPPORT,25,16,5,6158,12410,0,VICTORY
17,2,SUPPORT,13,24,4,3911,9558,798,VICTORY
18,1,TANK,19,5,3,6693,0,13654,DEFEAT
18,1,DAMAGE,17,0,6,7139,0,92,DEFEAT
18,1,DAMAGE,18,0,5,11299,0,0,DEFEAT
18,1,SUPPORT,2,21,0,250,9945,403,DEFEAT
18,1,SUPPORT,11,17,3,2840,8878,61,DEFEAT
18,2,TANK,8,3,6,5869,0,2888,VICTORY
18,2,DAMAGE,7,0,7,6471,151,137,VICTORY
18,2,DAMAGE,7,0,8,7759,1389,0,VICTORY
18,2,SUPPORT,3,7,4,1734,7456,228,VICTORY
18,2,SUPPORT,11,9,3,4170,9202,4984,VICTORY
19,1,TANK,6,1,5,3686,0,4235,DEFEAT
19,1,DAMAGE,2,0,4,4112,0,0,DEFEAT
19,1,DAMAGE,4,1,3,2672,1114,0,DEFEAT
19,1,SUPPORT,0,0,5,1160,2553,353,DEFEAT
19,1,SUPPORT,1,1,4,996,3762,132,DEFEAT
19,2,TANK,11,1,1,3245,0,6411,VICTORY
19,2,DAMAGE,11,0,0,5210,0,0,VICTORY
19,2,DAMAGE,8,0,2,5020,0,99,VICTORY
19,2,SUPPORT,0,4,3,643,4182,18,VICTORY
19,2,SUPPORT,1,10,1,729,6626,0,VICTORY
20,1,TANK,30,6,6,11403,0,16452,DEFEAT
20,1,DAMAGE,20,3,8,6221,840,0,DEFEAT
20,1,DAMAGE,31,0,10,15196,0,208,DEFEAT
20,1,SUPPORT,5,27,9,2617,12801,0,DEFEAT
20,1,SUPPORT,14,23,8,3678,15469,537,DEFEAT
20,2,TANK,19,4,10,12751,0,11415,VICTORY
20,2,DAMAGE,20,1,10,11706,1483,0,VICTORY
20,2,DAMAGE,22,1,13,10877,285,6265,VICTORY
20,2,SUPPORT,12,15,8,5251,10988,2441,VICTORY
20,2,SUPPORT,6,14,7,3713,7995,22,VICTORY
21,1,TANK,24,11,3,14550,0,22288,DEFEAT
21,1,DAMAGE,21,0,9,11612,128,3629,DEFEAT
21,1,DAMAGE,19,8,14,10031,0,1,DEFEAT
21,1,SUPPORT,8,22,6,3132,20785,1325,DEFEAT
21,1,SUPPORT,14,15,7,5107,19661,0,DEFEAT
21,2,TANK,27,5,6,16122,0,28366,VICTORY
21,2,DAMAGE,25,0,9,15110,898,0,VICTORY
21,2,DAMAGE,23,0,14,17166,437,109,VICTORY
21,2,SUPPORT,4,19,7,917,13439,314,VICTORY
21,2,SUPPORT,8,21,7,3429,13234,683,VICTORY
22,1,TANK,44,12,10,14023,0,27746,DEFEAT
22,1,DAMAGE,28,9,20,14388,1578,2767,DEFEAT
22,1,DAMAGE,25,2,20,15628,388,50,DEFEAT
22,1,SUPPORT,24,27,12,8787,16270,426,DEFEAT
22,1,SUPPORT,6,32,9,774,23237,119,DEFEAT
22,2,TANK,44,13,12,18211,0,18686,VICTORY
22,2,DAMAGE,36,2,14,18427,1354,1805,VICTORY
22,2,DAMAGE,30,5,9,14313,530,1930,VICTORY
22,2,SUPPORT,24,30,12,7153,14337,639,VICTORY
22,2,SUPPORT,19,45,13,8544,12192,0,VICTORY
23,1,TANK,16,5,5,12428,0,16931,DEFEAT
23,1,DAMAGE,3,0,15,5325,0,1003,DEFEAT
23,1,DAMAGE,11,0,16,5314,226,394,DEFEAT
23,1,SUPPORT,14,7,7,8298,9501,0,DEFEAT
23,1,SUPPORT,5,12,8,1827,19761,1942,DEFEAT
23,2,TANK,30,4,2,19029,1523,16433,VICTORY
23,2,DAMAGE,18,7,10,7795,0,0,VICTORY
23,2,DAMAGE,25,1,9,14217,0,0,VICTORY
23,2,SUPPORT,11,22,4,2874,10912,83,VICTORY
23,2,SUPPORT,11,17,4,2573,10231,0,VICTORY
24,1,TANK,42,16,14,20651,0,27415,DEFEAT
24,1,DAMAGE,29,4,19,18009,923,1816,DEFEAT
24,1,DAMAGE,28,1,21,18523,0,3374,DEFEAT
24,1,SUPPORT,18,33,9,6181,27756,1597,DEFEAT
24,1,SUPPORT,5,21,13,3717,24126,2298,DEFEAT
24,2,TANK,41,16,14,24682,0,25529,VICTORY
24,2,DAMAGE,45,12,11,19804,2748,0,VICTORY
24,2,DAMAGE,47,0,16,26666,2566,142,VICTORY
24,2,SUPPORT,19,44,9,6281,24081,0,VICTORY
24,2,SUPPORT,31,28,8,9749,14991,592,VICTORY
25,1,TANK,24,5,1,8788,0,6522,DEFEAT
25,1,DAMAGE,17,5,8,7584,0,0,DEFEAT
25,1,DAMAGE,17,1,7,10389,0,0,DEFEAT
25,1,SUPPORT,11,20,10,4010,6836,0,DEFEAT
25,1,SUPPORT,3,17,5,1339,10644,0,DEFEAT
25,2,TANK,20,0,6,10414,450,10964,VICTORY
25,2,DAMAGE,16,0,7,8002,0,719,VICTORY
25,2,DAMAGE,12,5,3,5520,936,638,VICTORY
25,2,SUPPORT,1,8,8,987,8458,1165,VICTORY
25,2,SUPPORT,7,14,6,1682,8355,4337,VICTORY
26,1,TANK,5,2,1,4125,0,5487,DEFEAT
26,1,DAMAGE,6,0,7,6059,128,37,DEFEAT
26,1,DAMAGE,4,1,7,3414,0,795,DEFEAT
26,1,SUPPORT,1,5,6,451,7938,544,DEFEAT
26,1,SUPPORT,0,7,6,20,3915,0,DEFEAT
26,2,TANK,11,1,2,4867,0,5332,VICTORY
26,2,DAMAGE,10,0,2,5907,0,0,VICTORY
26,2,DAMAGE,12,4,1,6787,0,0,VICTORY
26,2,SUPPORT,0,12,1,0,4032,0,VICTORY
26,2,SUPPORT,8,7,2,2463,6088,1666,VICTORY
27,1,TANK,8,2,4,3444,0,7097,DEFEAT
27,1,DAMAGE,6,0,6,4707,304,0,DEFEAT
27,1,DAMAGE,7,2,8,3379,0,0,DEFEAT
27,1,SUPPORT,5,6,5,1620,4705,0,DEFEAT
27,1,SUPPORT,3,7,4,1046,5762,383,DEFEAT
27,2,TANK,15,2,1,7305,0,12811,VICTORY
27,2,DAMAGE,6,0,2,3772,80,300,VICTORY
27,2,DAMAGE,12,2,4,5358,0,0,VICTORY
27,2,SUPPORT,10,1,4,4148,3493,0,VICTORY
27,2,SUPPORT,5,9,2,695,4869,255,VICTORY
28,1,TANK,31,15,5,14669,0,19043,DEFEAT
28,1,DAMAGE,27,7,9,18579,1027,568,DEFEAT
28,1,DAMAGE,33,5,7,20911,1273,100,DEFEAT
28,1,SUPPORT,12,22,6,4532,15005,393,DEFEAT
28,1,SUPPORT,4,33,4,662,20610,0,DEFEAT
28,2,TANK,22,2,7,19499,903,26155,VICTORY
28,2,DAMAGE,12,2,14,12824,536,201,VICTORY
28,2,DAMAGE,15,0,11,15056,441,1463,VICTORY
28,2,SUPPORT,5,22,7,1098,21631,494,VICTORY
28,2,SUPPORT,6,19,6,5133,17555,301,VICTORY
29,1,TANK,24,9,5,9021,0,10517,DEFEAT
29,1,DAMAGE,17,0,11,7114,0,406,DEFEAT
29,1,DAMAGE,19,9,8,5749,1336,1266,DEFEAT
29,1,SUPPORT,7,17,11,1260,8133,237,DEFEAT
29,1,SUPPORT,9,17,10,1862,8773,113,DEFEAT
29,2,TANK,22,4,6,9017,0,4921,VICTORY
29,2,DAMAGE,24,2,8,8451,89,449,VICTORY
29,2,DAMAGE,14,2,5,7565,110,0,VICTORY
29,2,SUPPORT,11,11,4,3710,6270,0,VICTORY
29,2,SUPPORT,19,11,8,5082,5987,20,VICTORY
30,1,TANK,23,8,9,13588,577,17304,DEFEAT
30,1,DAMAGE,23,1,13,14478,1159,0,DEFEAT
30,1,DAMAGE,19,1,14,10699,81,697,DEFEAT
30,1,SUPPORT,9,22,5,4709,13631,0,DEFEAT
30,1,SUPPORT,11,16,10,6817,12235,38,DEFEAT
30,2,TANK,26,5,4,13739,0,4893,VICTORY
30,2,DAMAGE,22,5,7,12443,0,4117,VICTORY
30,2,DAMAGE,29,5,11,12619,0,1442,VICTORY
30,2,SUPPORT,11,16,9,3438,14106,919,VICTORY
30,2,SUPPORT,13,19,10,3400,12737,0,VICTORY
31,1,TANK,31,3,10,12006,227,16959,DEFEAT
31,1,DAMAGE,28,2,5,11437,0,0,DEFEAT
31,1,DAMAGE,25,5,11,14180,96,488,DEFEAT
31,1,SUPPORT,11,24,9,3316,11446,469,DEFEAT
31,1,SUPPORT,14,34,5,3819,13468,1947,DEFEAT
31,2,TANK,17,4,12,9557,471,16111,VICTORY
31,2,DAMAGE,28,0,9,12360,130,1049,VICTORY
31,2,DAMAGE,14,0,9,9301,1337,0,VICTORY
31,2,SUPPORT,14,23,6,4888,11822,803,VICTORY
31,2,SUPPORT,12,16,11,4950,11473,155,VICTORY
32,1,TANK,25,2,8,12573,0,7913,DEFEAT
32,1,DAMAGE,25,4,4,15046,0,0,DEFEAT
32,1,DAMAGE,25,0,12,8952,0,508,DEFEAT
32,1,SUPPORT,5,22,6,347,15126,0,DEFEAT
32,1,SUPPORT,7,14,7,4076,11159,796,DEFEAT
32,2,TANK,21,11,9,8431,893,12495,VICTORY
32,2,DAMAGE,23,3,10,9625,0,2442,VICTORY
32,2,DAMAGE,18,3,8,8824,1310,0,VICTORY
32,2,SUPPORT,16,10,7,9468,11523,0,VICTORY
32,2,SUPPORT,10,15,9,3462,9329,872,VICTORY
33,1,TANK,41,5,11,21439,0,16011,DEFEAT
33,1,DAMAGE,40,7,5,17461,0,0,DEFEAT
33,1,DAMAGE,28,12,13,13681,0,0,DEFEAT
33,1,SUPPORT,2,42,6,420,20713,0,DEFEAT
33,1,SUPPORT,16,28,7,5419,20404,2572,DEFEAT
33,2,TANK,23,4,9,16983,311,23884,VICTORY
33,2,DAMAGE,21,4,9,13968,949,291,VICTORY
33,2,DAMAGE,20,4,15,11371,1213,2312,VICTORY
33,2,SUPPORT,13,21,13,2751,19898,756,VICTORY
33,2,SUPPORT,17,22,12,11278,14826,92,VICTORY
34,1,TANK,23,7,10,15259,0,13527,DEFEAT
34,1,DAMAGE,25,1,13,9826,285,55,DEFEAT
34,1,DAMAGE,31,5,8,12041,179,0,DEFEAT
34,1,SUPPORT,12,25,4,5057,12697,0,DEFEAT
34,1,SUPPORT,24,20,6,8733,13903,0,DEFEAT
34,2,TANK,24,4,6,13289,82,17859,VICTORY
34,2,DAMAGE,18,0,14,9755,0,232,VICTORY
34,2,DAMAGE,24,1,13,14930,0,0,VICTORY
34,2,SUPPORT,13,13,11,3618,15470,830,VICTORY
34,2,SUPPORT,9,25,10,2557,17752,0,VICTORY
35,1,TANK,15,5,8,8346,0,7000,DEFEAT
35,1,DAMAGE,13,1,5,6407,0,0,DEFEAT
35,1,DAMAGE,6,0,6,5328,720,566,DEFEAT
35,1,SUPPORT,4,13,6,774,7507,0,DEFEAT
35,1,SUPPORT,4,10,7,1556,4288,523,DEFEAT
35,2,TANK,18,5,3,6331,0,16036,VICTORY
35,2,DAMAGE,19,3,1,6803,0,0,VICTORY
35,2,DAMAGE,14,0,8,8406,0,236,VICTORY
35,2,SUPPORT,2,17,3,490,9275,0,VICTORY
35,2,SUPPORT,11,11,4,3338,5576,0,VICTORY
36,1,TANK,16,3,4,8370,0,6116,DEFEAT
36,1,DAMAGE,13,0,6,7834,0,0,DEFEAT
36,1,DAMAGE,12,2,7,7597,1075,103,DEFEAT
36,1,SUPPORT,7,7,9,3457,7132,0,DEFEAT
36,1,SUPPORT,1,10,7,419,6895,11,DEFEAT
36,2,TANK,16,3,3,5664,0,19044,VICTORY
36,2,DAMAGE,19,0,4,9054,1111,0,VICTORY
36,2,DAMAGE,17,1,6,8756,1110,133,VICTORY
36,2,SUPPORT,10,14,7,5064,7358,0,VICTORY
36,2,SUPPORT,2,6,7,1730,10311,82,VICTORY
37,1,TANK,3,0,2,3459,0,8868,DEFEAT
37,1,DAMAGE,7,1,3,5936,0,0,DEFEAT
37,1,DAMAGE,6,1,6,6102,741,0,DEFEAT
37,1,SUPPORT,0,6,2,127,6668,0,DEFEAT
37,1,SUPPORT,2,0,6,2810,4032,193,DEFEAT
37,2,TANK,14,2,3,4362,0,2488,VICTORY
37,2,DAMAGE,12,0,2,3333,263,1949,VICTORY
37,2,DAMAGE,12,0,0,5404,0,1738,VICTORY
37,2,SUPPORT,7,10,2,2408,6906,0,VICTORY
37,2,SUPPORT,3,12,2,952,5465,23,VICTORY
38,1,TANK,2,0,7,2575,0,4111,DEFEAT
38,1,DAMAGE,12,1,1,5261,0,0,DEFEAT
38,1,DAMAGE,11,2,2,6088,0,0,DEFEAT
38,1,SUPPORT,9,0,7,3859,3625,0,DEFEAT
38,1,SUPPORT,2,7,5,654,5964,0,DEFEAT
38,2,TANK,15,2,4,5985,1393,542,VICTORY
38,2,DAMAGE,11,8,3,3470,1971,0,VICTORY
38,2,DAMAGE,10,0,3,4646,0,235,VICTORY
38,2,SUPPORT,8,6,4,2769,3613,433,VICTORY
38,2,SUPPORT,8,9,5,1413,4164,0,VICTORY
39,1,TANK,10,0,8,6145,0,8106,DEFEAT
39,1,DAMAGE,10,2,5,6270,0,0,DEFEAT
39,1,DAMAGE,13,0,9,6905,0,0,DEFEAT
39,1,SUPPORT,17,5,8,7951,6701,196,DEFEAT
39,1,SUPPORT,0,16,7,0,9737,0,DEFEAT
39,2,TANK,23,1,4,10753,700,5697,VICTORY
39,2,DAMAGE,25,3,6,8791,0,1280,VICTORY
39,2,DAMAGE,14,2,8,7060,1306,0,VICTORY
39,2,SUPPORT,12,20,1,1512,8467,324,VICTORY
39,2,SUPPORT,4,16,3,617,9808,64,VICTORY
40,1,TANK,2,0,8,3685,350,3971,DEFEAT
40,1,DAMAGE,4,0,7,4299,0,0,DEFEAT
40,1,DAMAGE,5,0,7,2851,0,0,DEFEAT
40,1,SUPPORT,0,0,2,631,3397,0,DEFEAT
40,1,SUPPORT,0,5,4,98,5285,47,DEFEAT
40,2,TANK,17,4,2,7764,0,5942,VICTORY
40,2,DAMAGE,11,4,2,3314,0,0,VICTORY
40,2,DAMAGE,20,0,2,7321,0,198,VICTORY
40,2,SUPPORT,2,13,0,137,3373,0,VICTORY
40,2,SUPPORT,6,12,2,711,4784,341,VICTORY
41,1,TANK,36,2,11,17848,1982,6284,DEFEAT
41,1,DAMAGE,35,0,6,18042,0,0,DEFEAT
41,1,DAMAGE,37,6,8,15274,400,1211,DEFEAT
41,1,SUPPORT,15,22,11,6731,14901,1699,DEFEAT
41,1,SUPPORT,19,28,7,7049,14850,472,DEFEAT
41,2,TANK,23,10,6,17708,0,7725,VICTORY
41,2,DAMAGE,21,5,13,12103,1542,1506,VICTORY
41,2,DAMAGE,34,1,16,15304,1817,300,VICTORY
41,2,SUPPORT,2,24,13,946,17783,691,VICTORY
41,2,SUPPORT,12,14,10,5718,16086,804,VICTORY
42,1,TANK,2,1,4,2724,0,1999,DEFEAT
42,1,DAMAGE,2,0,2,3826,0,0,DEFEAT
42,1,DAMAGE,0,0,0,0,0,0,DEFEAT
42,1,SUPPORT,1,1,3,1359,1423,0,DEFEAT
42,1,SUPPORT,2,1,2,1323,2499,0,DEFEAT
42,2,TANK,10,2,0,2116,0,1168,VICTORY
42,2,DAMAGE,8,0,1,2072,0,0,VICTORY
42,2,DAMAGE,6,2,1,1427,1166,771,VICTORY
42,2,SUPPORT,5,4,1,2157,2302,0,VICTORY
42,2,SUPPORT,4,7,1,907,3421,131,VICTORY
43,1,TANK,23,8,10,13590,0,16185,DEFEAT
43,1,DAMAGE,24,0,12,10680,0,0,DEFEAT
43,1,DAMAGE,29,7,13,13283,135,0,DEFEAT
43,1,SUPPORT,7,19,3,1504,12051,245,DEFEAT
43,1,SUPPORT,22,15,9,7324,12269,0,DEFEAT
43,2,TANK,23,7,7,9551,1050,13385,VICTORY
43,2,DAMAGE,35,5,8,14040,0,0,VICTORY
43,2,DAMAGE,22,0,10,13109,515,166,VICTORY
43,2,SUPPORT,3,31,6,334,18468,0,VICTORY
43,2,SUPPORT,14,28,9,2978,11123,1805,VICTORY
44,1,TANK,5,1,6,6830,0,12037,DEFEAT
44,1,DAMAGE,3,0,5,6627,0,0,DEFEAT
44,1,DAMAGE,9,0,8,4226,0,0,DEFEAT
44,1,SUPPORT,5,5,4,1651,4369,388,DEFEAT
44,1,SUPPORT,3,1,5,2128,4418,146,DEFEAT
44,2,TANK,17,4,0,7688,0,6752,VICTORY
44,2,DAMAGE,13,1,4,3896,0,300,VICTORY
44,2,DAMAGE,17,2,5,3970,0,0,VICTORY
44,2,SUPPORT,5,15,2,358,11015,0,VICTORY
44,2,SUPPORT,12,11,3,2627,5491,426,VICTORY
45,1,TANK,29,3,4,14136,0,13567,DEFEAT
45,1,DAMAGE,29,0,7,11881,0,0,DEFEAT
45,1,DAMAGE,16,1,2,9094,219,77,DEFEAT
45,1,SUPPORT,2,24,7,264,11754,115,DEFEAT
45,1,SUPPORT,16,19,6,4752,7519,1244,DEFEAT
45,2,TANK,13,2,9,9090,0,4778,VICTORY
45,2,DAMAGE,14,0,10,9176,0,0,VICTORY
45,2,DAMAGE,9,3,7,10025,0,415,VICTORY
45,2,SUPPORT,2,10,7,564,10257,0,VICTORY
45,2,SUPPORT,0,14,7,433,9599,0,VICTORY
46,1,TANK,9,4,7,6852,0,5325,DEFEAT
46,1,DAMAGE,13,0,9,6793,0,0,DEFEAT
46,1,DAMAGE,18,2,14,7801,80,1050,DEFEAT
46,1,SUPPORT,10,13,8,2359,11670,962,DEFEAT
46,1,SUPPORT,5,11,14,3074,8687,1207,DEFEAT
46,2,TANK,35,1,4,13112,0,6756,VICTORY
46,2,DAMAGE,22,1,6,7965,369,1,VICTORY
46,2,DAMAGE,18,3,4,8824,0,2320,VICTORY
46,2,SUPPORT,15,16,6,4224,6099,3033,VICTORY
46,2,SUPPORT,13,22,6,3411,7952,253,VICTORY
47,1,TANK,24,4,9,14908,0,10602,DEFEAT
47,1,DAMAGE,17,0,5,9799,0,0,DEFEAT
47,1,DAMAGE,21,2,13,11357,1365,0,DEFEAT
47,1,SUPPORT,10,14,8,2911,9618,404,DEFEAT
47,1,SUPPORT,14,19,9,4820,10536,0,DEFEAT
47,2,TANK,27,7,5,15255,0,12732,VICTORY
47,2,DAMAGE,22,2,8,7876,0,0,VICTORY
47,2,DAMAGE,20,3,6,9414,304,351,VICTORY
47,2,SUPPORT,11,15,9,2579,11276,497,VICTORY
47,2,SUPPORT,6,17,9,2124,18972,279,VICTORY
48,1,TANK,3,0,4,2849,0,2753,DEFEAT
48,1,DAMAGE,5,0,2,3958,0,0,DEFEAT
48,1,DAMAGE,4,1,5,3096,0,96,DEFEAT
48,1,SUPPORT,0,2,2,1039,4908,0,DEFEAT
48,1,SUPPORT,1,1,5,1919,3984,0,DEFEAT
48,2,TANK,8,1,1,4259,0,6505,VICTORY
48,2,DAMAGE,10,1,3,5680,0,0,VICTORY
48,2,DAMAGE,12,0,3,4354,0,0,VICTORY
48,2,SUPPORT,3,4,0,1766,3645,500,VICTORY
48,2,SUPPORT,1,6,0,90,6564,124,VICTORY
49,1,TANK,19,4,6,8468,0,5540,DEFEAT
49,1,DAMAGE,16,0,5,6051,0,0,DEFEAT
49,1,DAMAGE,18,1,8,10534,1148,0,DEFEAT
49,1,SUPPORT,1,18,5,508,11590,298,DEFEAT
49,1,SUPPORT,5,14,6,1278,8497,609,DEFEAT
49,2,TANK,15,4,4,6142,0,12779,VICTORY
49,2,DAMAGE,19,0,7,11736,1474,0,VICTORY
49,2,DAMAGE,19,0,6,10395,0,196,VICTORY
49,2,SUPPORT,5,12,5,2824,8886,305,VICTORY
49,2,SUPPORT,4,13,6,1616,8488,0,VICTORY
50,1,TANK,9,5,5,7738,641,3778,DEFEAT
50,1,DAMAGE,7,0,2,8454,0,0,DEFEAT
50,1,DAMAGE,6,0,8,9465,84,1644,DEFEAT
50,1,SUPPORT,5,6,3,3546,9340,562,DEFEAT
50,1,SUPPORT,4,5,5,3728,11137,4437,DEFEAT
50,2,TANK,18,4,3,10038,2350,4296,VICTORY
50,2,DAMAGE,16,8,3,11127,765,0,VICTORY
50,2,DAMAGE,16,2,3,7653,0,220,VICTORY
50,2,SUPPORT,6,16,1,1914,9529,75,VICTORY
50,2,SUPPORT,0,18,2,12,13371,1012,VICTORY
51,1,TANK,26,4,13,14006,225,18192,DEFEAT
51,1,DAMAGE,22,0,9,11059,0,0,DEFEAT
51,1,DAMAGE,21,6,7,11958,1392,2949,DEFEAT
51,1,SUPPORT,13,14,14,6135,7866,2307,DEFEAT
51,1,SUPPORT,12,18,11,5529,12785,0,DEFEAT
51,2,TANK,32,2,8,14631,0,25321,VICTORY
51,2,DAMAGE,21,7,9,11172,0,29,VICTORY
51,2,DAMAGE,31,2,9,11321,165,1820,VICTORY
51,2,SUPPORT,19,23,6,5030,14443,5039,VICTORY
51,2,SUPPORT,13,25,7,3285,19654,1360,VICTORY
52,1,TANK,14,1,11,10712,459,8105,DEFEAT
52,1,DAMAGE,9,0,6,5181,0,0,DEFEAT
52,1,DAMAGE,17,0,6,10313,0,3799,DEFEAT
52,1,SUPPORT,14,13,8,3093,8535,759,DEFEAT
52,1,SUPPORT,8,12,5,4401,12650,0,DEFEAT
52,2,TANK,19,5,6,11446,0,14268,VICTORY
52,2,DAMAGE,22,0,6,10692,843,0,VICTORY
52,2,DAMAGE,24,0,4,10528,195,3328,VICTORY
52,2,SUPPORT,12,19,2,2430,12585,1028,VICTORY
52,2,SUPPORT,13,16,5,2410,11138,0,VICTORY
53,1,TANK,21,3,14,15686,0,9055,DEFEAT
53,1,DAMAGE,22,0,4,12122,0,0,DEFEAT
53,1,DAMAGE,23,8,15,15700,638,0,DEFEAT
53,1,SUPPORT,10,10,8,4660,10543,60,DEFEAT
53,1,SUPPORT,6,23,12,3751,13572,3340,DEFEAT
53,2,TANK,28,4,6,13439,996,6141,VICTORY
53,2,DAMAGE,33,3,6,13075,765,427,VICTORY
53,2,DAMAGE,35,6,8,12809,952,1960,VICTORY
53,2,SUPPORT,16,22,10,3301,12992,1340,VICTORY
53,2,SUPPORT,26,31,7,4852,17546,0,VICTORY
54,1,TANK,27,8,7,13538,0,23354,DEFEAT
54,1,DAMAGE,30,0,5,11650,0,0,DEFEAT
54,1,DAMAGE,30,2,11,15418,980,2060,DEFEAT
54,1,SUPPORT,19,26,3,6922,13002,0,DEFEAT
54,1,SUPPORT,5,34,4,2282,16326,707,DEFEAT
54,2,TANK,17,2,10,11828,0,12135,VICTORY
54,2,DAMAGE,15,0,17,11689,2600,0,VICTORY
54,2,DAMAGE,14,0,9,7348,0,0,VICTORY
54,2,SUPPORT,15,17,7,8796,12564,402,VICTORY
54,2,SUPPORT,10,15,6,2987,14094,2917,VICTORY
55,1,TANK,14,4,9,7128,0,6848,DEFEAT
55,1,DAMAGE,17,0,8,4148,0,0,DEFEAT
55,1,DAMAGE,20,0,11,6327,0,4830,DEFEAT
55,1,SUPPORT,10,14,8,2813,8620,736,DEFEAT
55,1,SUPPORT,0,16,11,831,8130,0,DEFEAT
55,2,TANK,26,8,5,9234,0,5042,VICTORY
55,2,DAMAGE,34,0,5,10684,0,5046,VICTORY
55,2,DAMAGE,27,0,9,6272,0,782,VICTORY
55,2,SUPPORT,4,27,7,1606,7250,0,VICTORY
55,2,SUPPORT,18,17,6,2688,4460,208,VICTORY
56,1,TANK,8,2,12,6743,1475,7911,DEFEAT
56,1,DAMAGE,19,0,9,8431,0,0,DEFEAT
56,1,DAMAGE,25,0,10,14097,0,4347,DEFEAT
56,1,SUPPORT,3,21,10,594,13427,0,DEFEAT
56,1,SUPPORT,4,13,7,3873,8089,410,DEFEAT
56,2,TANK,31,7,5,15409,0,10062,VICTORY
56,2,DAMAGE,20,5,9,9783,97,163,VICTORY
56,2,DAMAGE,26,4,5,11517,0,3145,VICTORY
56,2,SUPPORT,0,25,5,80,12148,0,VICTORY
56,2,SUPPORT,9,20,7,2723,7952,226,VICTORY
57,1,TANK,20,3,5,11674,0,12914,DEFEAT
57,1,DAMAGE,20,0,8,7306,0,0,DEFEAT
57,1,DAMAGE,13,3,11,5594,0,81,DEFEAT
57,1,SUPPORT,6,6,10,2876,7331,369,DEFEAT
57,1,SUPPORT,0,14,9,0,9691,0,DEFEAT
57,2,TANK,26,11,2,10305,0,10286,VICTORY
57,2,DAMAGE,17,0,9,7884,0,0,VICTORY
57,2,DAMAGE,29,0,5,10204,0,0,VICTORY
57,2,SUPPORT,6,20,8,340,9604,0,VICTORY
57,2,SUPPORT,9,16,7,3051,6034,145,VICTORY
58,1,TANK,15,4,6,6834,0,9804,DEFEAT
58,1,DAMAGE,12,0,6,5007,0,0,DEFEAT
58,1,DAMAGE,15,2,8,8566,1369,262,DEFEAT
58,1,SUPPORT,8,13,6,1579,7816,112,DEFEAT
58,1,SUPPORT,8,7,6,4175,6834,471,DEFEAT
58,2,TANK,16,0,4,6844,0,14290,VICTORY
58,2,DAMAGE,16,0,6,8610,1204,4,VICTORY
58,2,DAMAGE,15,5,4,6480,661,0,VICTORY
58,2,SUPPORT,1,18,5,419,8211,0,VICTORY
58,2,SUPPORT,10,12,5,5980,5678,0,VICTORY
59,1,TANK,16,2,6,6043,0,8113,DEFEAT
59,1,DAMAGE,13,0,6,5623,0,0,DEFEAT
59,1,DAMAGE,19,2,8,9301,0,714,DEFEAT
59,1,SUPPORT,21,18,9,9054,7319,2878,DEFEAT
59,1,SUPPORT,9,10,6,3487,8038,541,DEFEAT
59,2,TANK,21,5,4,10339,0,5099,VICTORY
59,2,DAMAGE,17,1,8,8440,0,10,VICTORY
59,2,DAMAGE,13,2,10,10061,2036,0,VICTORY
59,2,SUPPORT,8,14,7,3447,10308,554,VICTORY
59,2,SUPPORT,12,12,6,3176,7915,789,VICTORY
60,1,TANK,14,2,6,7076,225,6009,DEFEAT
60,1,DAMAGE,12,0,2,8092,0,0,DEFEAT
60,1,DAMAGE,9,1,6,5774,147,0,DEFEAT
60,1,SUPPORT,3,12,6,1900,3736,0,DEFEAT
60,1,SUPPORT,6,5,3,3610,6357,199,DEFEAT
60,2,TANK,15,3,3,7520,0,4219,VICTORY
60,2,DAMAGE,16,2,6,6353,0,0,VICTORY
60,2,DAMAGE,4,0,7,1951,97,297,VICTORY
60,2,SUPPORT,8,12,5,3611,6667,0,VICTORY
60,2,SUPPORT,6,14,2,866,8841,161,VICTORY
61,1,TANK,8,2,6,4677,224,10321,DEFEAT
61,1,DAMAGE,8,0,4,4220,0,0,DEFEAT
61,1,DAMAGE,14,3,10,5610,0,0,DEFEAT
61,1,SUPPORT,8,8,6,3690,5968,0,DEFEAT
61,1,SUPPORT,7,7,9,2509,5402,578,DEFEAT
61,2,TANK,8,1,5,4815,0,2723,VICTORY
61,2,DAMAGE,17,1,4,7208,0,0,VICTORY
61,2,DAMAGE,21,5,6,8928,0,0,VICTORY
61,2,SUPPORT,7,8,2,2336,5916,494,VICTORY
61,2,SUPPORT,5,19,3,677,8023,0,VICTORY
62,1,TANK,10,3,9,8127,3358,9594,DEFEAT
62,1,DAMAGE,11,0,1,6936,0,0,DEFEAT
62,1,DAMAGE,12,3,9,6176,0,832,DEFEAT
62,1,SUPPORT,8,9,5,3344,9374,0,DEFEAT
62,1,SUPPORT,8,11,8,2024,10073,1209,DEFEAT
62,2,TANK,23,5,5,12264,1122,6010,VICTORY
62,2,DAMAGE,14,0,8,7533,0,96,VICTORY
62,2,DAMAGE,14,0,4,7399,537,185,VICTORY
62,2,SUPPORT,19,12,4,6972,6204,0,VICTORY
62,2,SUPPORT,7,17,3,1655,9058,0,VICTORY
63,1,TANK,7,2,6,6671,0,6965,DEFEAT
63,1,DAMAGE,8,0,3,3519,0,0,DEFEAT
63,1,DAMAGE,8,1,7,3840,13,0,DEFEAT
63,1,SUPPORT,4,4,6,1228,6054,1280,DEFEAT
63,1,SUPPORT,1,6,8,1298,4741,0,DEFEAT
63,2,TANK,13,1,4,4068,0,10024,VICTORY
63,2,DAMAGE,18,0,3,4216,896,0,VICTORY
63,2,DAMAGE,20,0,2,7129,282,0,VICTORY
63,2,SUPPORT,19,15,2,4447,5509,0,VICTORY
63,2,SUPPORT,7,9,2,1392,5153,1500,VICTORY
64,1,TANK,14,2,11,11029,962,12223,DEFEAT
64,1,DAMAGE,13,0,4,9175,0,201,DEFEAT
64,1,DAMAGE,21,0,13,9100,227,59,DEFEAT
64,1,SUPPORT,6,13,8,480,11404,0,DEFEAT
64,1,SUPPORT,6,14,10,3337,12253,772,DEFEAT
64,2,TANK,29,2,4,11599,0,3192,VICTORY
64,2,DAMAGE,15,0,9,8133,96,376,VICTORY
64,2,DAMAGE,26,0,7,10728,0,0,VICTORY
64,2,SUPPORT,18,18,5,6199,9718,950,VICTORY
64,2,SUPPORT,19,25,5,5861,9126,85,VICTORY
65,1,TANK,14,2,8,7996,0,10426,DEFEAT
65,1,DAMAGE,16,0,4,8138,0,1224,DEFEAT
65,1,DAMAGE,19,0,10,6927,13,0,DEFEAT
65,1,SUPPORT,15,10,9,3822,8883,105,DEFEAT
65,1,SUPPORT,8,11,5,2098,9208,1031,DEFEAT
65,2,TANK,16,8,6,8789,0,4908,VICTORY
65,2,DAMAGE,21,1,6,8929,0,396,VICTORY
65,2,DAMAGE,24,6,6,11007,0,0,VICTORY
65,2,SUPPORT,3,24,5,561,11904,719,VICTORY
65,2,SUPPORT,14,16,6,2301,7192,189,VICTORY
66,1,TANK,20,1,12,10667,19,6963,DEFEAT
66,1,DAMAGE,12,0,7,6432,0,0,DEFEAT
66,1,DAMAGE,18,1,11,10331,594,72,DEFEAT
66,1,SUPPORT,7,17,12,2338,9224,536,DEFEAT
66,1,SUPPORT,4,17,12,1938,12387,0,DEFEAT
66,2,TANK,39,9,4,11090,0,6571,VICTORY
66,2,DAMAGE,31,8,7,10911,441,3,VICTORY
66,2,DAMAGE,28,2,6,9471,295,0,VICTORY
66,2,SUPPORT,18,24,9,5536,7030,0,VICTORY
66,2,SUPPORT,12,25,5,2149,12172,636,VICTORY
67,1,TANK,20,4,8,7543,0,9632,DEFEAT
67,1,DAMAGE,11,0,6,7852,0,469,DEFEAT
67,1,DAMAGE,13,1,9,7668,540,0,DEFEAT
67,1,SUPPORT,6,9,10,3105,5211,60,DEFEAT
67,1,SUPPORT,5,12,6,1659,8874,268,DEFEAT
67,2,TANK,20,1,3,8409,0,5453,VICTORY
67,2,DAMAGE,23,0,5,13501,857,2,VICTORY
67,2,DAMAGE,18,0,6,9129,0,474,VICTORY
67,2,SUPPORT,2,14,7,762,7436,345,VICTORY
67,2,SUPPORT,4,16,5,497,10157,0,VICTORY
68,1,TANK,17,8,8,14102,0,17908,DEFEAT
68,1,DAMAGE,21,1,4,10463,174,1184,DEFEAT
68,1,DAMAGE,22,5,9,11334,0,172,DEFEAT
68,1,SUPPORT,8,13,6,1860,20597,2392,DEFEAT
68,1,SUPPORT,0,15,6,60,12391,0,DEFEAT
68,2,TANK,21,11,6,16224,0,9087,VICTORY
68,2,DAMAGE,20,2,9,11272,72,3995,VICTORY
68,2,DAMAGE,21,5,8,11415,108,977,VICTORY
68,2,SUPPORT,11,19,4,2637,15588,526,VICTORY
68,2,SUPPORT,19,16,4,4683,10796,576,VICTORY
69,1,TANK,4,1,3,2329,0,1463,DEFEAT
69,1,DAMAGE,4,0,2,1656,0,0,DEFEAT
69,1,DAMAGE,2,0,7,4130,1069,0,DEFEAT
69,1,SUPPORT,4,3,3,1139,1976,0,DEFEAT
69,1,SUPPORT,4,1,6,1889,2582,76,DEFEAT
69,2,TANK,10,1,2,2765,0,8228,VICTORY
69,2,DAMAGE,12,3,2,4637,0,0,VICTORY
69,2,DAMAGE,10,1,3,3665,0,0,VICTORY
69,2,SUPPORT,2,7,0,925,4664,338,VICTORY
69,2,SUPPORT,8,10,2,1871,3224,0,VICTORY
70,1,TANK,7,1,7,5570,22,8444,DEFEAT
70,1,DAMAGE,12,0,4,4704,0,0,DEFEAT
70,1,DAMAGE,8,2,7,4844,0,287,DEFEAT
70,1,SUPPORT,8,9,7,2622,2954,736,DEFEAT
70,1,SUPPORT,6,5,4,2044,6013,396,DEFEAT
70,2,TANK,12,3,2,4460,0,13431,VICTORY
70,2,DAMAGE,18,1,6,7072,609,0,VICTORY
70,2,DAMAGE,17,2,5,6480,0,93,VICTORY
70,2,SUPPORT,8,12,2,2098,7661,300,VICTORY
70,2,SUPPORT,1,19,3,412,6839,29,VICTORY
71,1,TANK,8,1,4,12371,99,6989,DEFEAT
71,1,DAMAGE,8,0,5,4837,0,0,DEFEAT
71,1,DAMAGE,7,5,9,6445,428,0,DEFEAT
71,1,SUPPORT,2,7,2,782,10885,589,DEFEAT
71,1,SUPPORT,4,6,4,2697,7475,1024,DEFEAT
71,2,TANK,11,2,5,11305,471,10597,VICTORY
71,2,DAMAGE,8,0,2,6941,0,68,VICTORY
71,2,DAMAGE,18,2,1,7031,1758,0,VICTORY
71,2,SUPPORT,0,11,1,520,7730,0,VICTORY
71,2,SUPPORT,4,10,1,1692,11152,1427,VICTORY
72,1,TANK,0,0,6,915,0,5266,DEFEAT
72,1,DAMAGE,0,0,1,2005,0,0,DEFEAT
72,1,DAMAGE,2,0,3,1937,684,11,DEFEAT
72,1,SUPPORT,0,0,0,280,341,0,DEFEAT
72,1,SUPPORT,1,0,4,1556,963,0,DEFEAT
72,2,TANK,10,4,0,1122,0,632,VICTORY
72,2,DAMAGE,8,0,1,2635,0,47,VICTORY
72,2,DAMAGE,10,0,0,2894,311,0,VICTORY
72,2,SUPPORT,9,7,0,1471,2617,0,VICTORY
72,2,SUPPORT,1,6,1,96,2996,0,VICTORY
73,1,TANK,7,1,7,6148,0,10228,DEFEAT
73,1,DAMAGE,9,0,0,5132,0,0,DEFEAT
73,1,DAMAGE,7,0,8,4553,288,1623,DEFEAT
73,1,SUPPORT,5,7,6,1643,7448,0,DEFEAT
73,1,SUPPORT,1,1,9,1321,4143,99,DEFEAT
73,2,TANK,23,8,2,7868,0,3860,VICTORY
73,2,DAMAGE,21,0,2,6715,0,1487,VICTORY
73,2,DAMAGE,16,0,3,5971,261,129,VICTORY
73,2,SUPPORT,0,15,4,295,7580,96,VICTORY
73,2,SUPPORT,7,19,2,1540,6036,175,VICTORY
74,1,TANK,17,4,10,12818,0,9358,DEFEAT
74,1,DAMAGE,14,0,6,6355,0,0,DEFEAT
74,1,DAMAGE,14,1,10,11712,0,3543,DEFEAT
74,1,SUPPORT,16,15,5,6310,8601,110,DEFEAT
74,1,SUPPORT,6,15,8,1971,7718,0,DEFEAT
74,2,TANK,25,4,7,10885,0,5574,VICTORY
74,2,DAMAGE,26,2,7,7694,1930,0,VICTORY
74,2,DAMAGE,22,4,4,6967,0,0,VICTORY
74,2,SUPPORT,16,16,8,4388,9186,1130,VICTORY
74,2,SUPPORT,1,28,4,40,17523,0,VICTORY
75,1,TANK,24,3,8,19363,0,14241,DEFEAT
75,1,DAMAGE,11,0,7,9764,0,0,DEFEAT
75,1,DAMAGE,15,1,17,10937,650,144,DEFEAT
75,1,SUPPORT,19,16,11,7944,11781,222,DEFEAT
75,1,SUPPORT,11,6,16,5431,7880,249,DEFEAT
75,2,TANK,32,7,7,12722,0,10955,VICTORY
75,2,DAMAGE,39,0,15,13232,76,810,VICTORY
75,2,DAMAGE,22,8,9,9034,0,0,VICTORY
75,2,SUPPORT,1,41,1,280,23702,0,VICTORY
75,2,SUPPORT,18,26,3,3607,14337,1754,VICTORY
76,1,TANK,18,10,10,9690,0,14347,DEFEAT
76,1,DAMAGE,27,0,4,12309,0,0,DEFEAT
76,1,DAMAGE,22,0,11,12685,0,3582,DEFEAT
76,1,SUPPORT,26,22,9,8377,9492,1318,DEFEAT
76,1,SUPPORT,0,23,10,21,13152,0,DEFEAT
76,2,TANK,28,4,8,14772,0,12592,VICTORY
76,2,DAMAGE,18,0,12,7407,0,268,VICTORY
76,2,DAMAGE,26,2,8,10579,1313,0,VICTORY
76,2,SUPPORT,9,20,11,2740,9374,2175,VICTORY
76,2,SUPPORT,8,23,9,1585,17104,575,VICTORY
77,1,TANK,7,1,12,7666,782,8518,DEFEAT
77,1,DAMAGE,11,0,4,5337,0,0,DEFEAT
77,1,DAMAGE,11,4,11,8678,854,493,DEFEAT
77,1,SUPPORT,0,10,9,100,8354,0,DEFEAT
77,1,SUPPORT,8,8,11,3848,7722,495,DEFEAT
77,2,TANK,27,10,2,8906,0,7305,VICTORY
77,2,DAMAGE,27,0,5,13383,507,0,VICTORY
77,2,DAMAGE,33,0,4,8965,0,0,VICTORY
77,2,SUPPORT,1,28,3,272,8722,0,VICTORY
77,2,SUPPORT,8,20,3,2123,9851,0,VICTORY
78,1,TANK,25,6,16,12670,0,26768,DEFEAT
78,1,DAMAGE,34,0,4,12350,0,0,DEFEAT
78,1,DAMAGE,16,4,17,13567,0,430,DEFEAT
78,1,SUPPORT,20,20,18,7762,15104,3410,DEFEAT
78,1,SUPPORT,15,22,12,5450,18648,634,DEFEAT
78,2,TANK,51,11,9,17362,319,10661,VICTORY
78,2,DAMAGE,39,0,6,15394,0,1033,VICTORY
78,2,DAMAGE,42,6,12,15240,1326,1047,VICTORY
78,2,SUPPORT,15,30,9,4896,15206,805,VICTORY
78,2,SUPPORT,27,38,11,7952,14161,0,VICTORY
79,1,TANK,9,3,6,5573,98,4864,DEFEAT
79,1,DAMAGE,11,0,3,3228,0,0,DEFEAT
79,1,DAMAGE,8,5,8,4097,0,0,DEFEAT
79,1,SUPPORT,0,8,3,162,6593,130,DEFEAT
79,1,SUPPORT,6,9,5,2429,6002,0,DEFEAT
79,2,TANK,14,2,2,6124,0,2267,VICTORY
79,2,DAMAGE,12,1,3,4881,0,99,VICTORY
79,2,DAMAGE,11,2,4,5751,0,0,VICTORY
79,2,SUPPORT,11,16,3,3400,6066,0,VICTORY
79,2,SUPPORT,4,8,3,1376,4372,223,VICTORY
80,1,TANK,19,5,9,11757,0,7634,DEFEAT
80,1,DAMAGE,17,0,4,8790,0,0,DEFEAT
80,1,DAMAGE,21,5,9,9251,1231,0,DEFEAT
80,1,SUPPORT,14,13,6,4387,10927,0,DEFEAT
80,1,SUPPORT,7,7,10,2653,9129,1923,DEFEAT
80,2,TANK,25,8,3,9995,0,7999,VICTORY
80,2,DAMAGE,15,2,7,6791,1301,141,VICTORY
80,2,DAMAGE,22,6,6,12837,0,0,VICTORY
80,2,SUPPORT,17,14,8,5153,8415,111,VICTORY
80,2,SUPPORT,12,18,5,2701,10129,6026,VICTORY
81,1,TANK,15,4,7,10451,154,15672,DEFEAT
81,1,DAMAGE,14,0,8,7983,0,0,DEFEAT
81,1,DAMAGE,12,2,12,13006,1654,12,DEFEAT
81,1,SUPPORT,7,12,12,3970,9964,4683,DEFEAT
81,1,SUPPORT,7,11,9,2614,10487,1590,DEFEAT
81,2,TANK,25,9,4,12471,0,8954,VICTORY
81,2,DAMAGE,32,1,4,16485,2972,0,VICTORY
81,2,DAMAGE,26,0,8,10469,1733,0,VICTORY
81,2,SUPPORT,7,19,3,2270,9609,558,VICTORY
81,2,SUPPORT,2,34,4,135,13102,0,VICTORY
82,1,TANK,0,0,0,0,0,0,DEFEAT
82,1,DAMAGE,8,0,2,3742,0,0,DEFEAT
82,1,DAMAGE,3,0,5,4193,0,0,DEFEAT
82,1,SUPPORT,2,5,4,2181,4369,0,DEFEAT
82,1,SUPPORT,4,8,6,3307,3982,245,DEFEAT
82,2,TANK,6,0,4,3876,0,13341,VICTORY
82,2,DAMAGE,16,1,2,6848,1900,0,VICTORY
82,2,DAMAGE,11,1,4,3992,0,0,VICTORY
82,2,SUPPORT,0,10,4,0,6468,0,VICTORY
82,2,SUPPORT,2,9,2,917,7358,0,VICTORY
83,1,TANK,8,2,10,11195,0,11595,DEFEAT
83,1,DAMAGE,6,0,6,5235,0,0,DEFEAT
83,1,DAMAGE,8,0,15,8363,830,0,DEFEAT
83,1,SUPPORT,0,10,10,0,9697,0,DEFEAT
83,1,SUPPORT,9,8,11,3148,7493,656,DEFEAT
83,2,TANK,29,7,3,11206,0,5360,VICTORY
83,2,DAMAGE,35,3,3,10807,0,0,VICTORY
83,2,DAMAGE,31,3,5,11729,550,792,VICTORY
83,2,SUPPORT,5,22,1,1342,10331,0,VICTORY
83,2,SUPPORT,5,29,4,636,10595,0,VICTORY
84,1,TANK,9,4,10,14066,0,15327,DEFEAT
84,1,DAMAGE,15,0,5,6032,0,0,DEFEAT
84,1,DAMAGE,15,0,12,8350,520,0,DEFEAT
84,1,SUPPORT,5,7,8,3036,7196,373,DEFEAT
84,1,SUPPORT,7,6,10,2673,10573,681,DEFEAT
84,2,TANK,31,11,4,13132,0,9633,VICTORY
84,2,DAMAGE,20,3,7,7266,0,0,VICTORY
84,2,DAMAGE,18,0,7,8626,0,0,VICTORY
84,2,SUPPORT,10,18,5,1591,12000,198,VICTORY
84,2,SUPPORT,11,25,2,2719,12876,0,VICTORY
85,1,TANK,13,2,7,6541,0,14351,DEFEAT
85,1,DAMAGE,13,0,4,5190,0,0,DEFEAT
85,1,DAMAGE,9,0,11,7437,0,0,DEFEAT
85,1,SUPPORT,0,10,7,415,11180,9,DEFEAT
85,1,SUPPORT,6,7,7,3109,7114,755,DEFEAT
85,2,TANK,14,3,6,6527,0,9164,VICTORY
85,2,DAMAGE,17,7,4,8796,324,0,VICTORY
85,2,DAMAGE,23,0,3,7139,0,0,VICTORY
85,2,SUPPORT,15,19,3,3329,7732,931,VICTORY
85,2,SUPPORT,14,13,4,4969,6235,80,VICTORY
86,1,TANK,1,1,4,3453,0,2466,DEFEAT
86,1,DAMAGE,1,0,3,2146,0,0,DEFEAT
86,1,DAMAGE,0,0,5,2273,648,0,DEFEAT
86,1,SUPPORT,2,0,4,513,2366,640,DEFEAT
86,1,SUPPORT,0,1,3,0,3977,0,DEFEAT
86,2,TANK,12,2,0,3503,0,4914,VICTORY
86,2,DAMAGE,16,0,1,3259,0,276,VICTORY
86,2,DAMAGE,9,4,0,2768,139,460,VICTORY
86,2,SUPPORT,10,10,1,1659,3825,2088,VICTORY
86,2,SUPPORT,5,13,0,1255,3060,36,VICTORY
87,1,TANK,20,1,9,11752,7,14455,DEFEAT
87,1,DAMAGE,21,0,5,10081,0,0,DEFEAT
87,1,DAMAGE,22,0,10,13315,0,0,DEFEAT
87,1,SUPPORT,2,4,13,4102,5045,394,DEFEAT
87,1,SUPPORT,1,24,6,596,13732,206,DEFEAT
87,2,TANK,19,6,4,9443,0,6741,VICTORY
87,2,DAMAGE,21,2,7,8230,48,477,VICTORY
87,2,DAMAGE,26,1,9,11526,120,169,VICTORY
87,2,SUPPORT,4,10,11,2355,8759,1150,VICTORY
87,2,SUPPORT,13,14,7,2684,15066,295,VICTORY
88,1,TANK,11,3,7,4691,0,8170,DEFEAT
88,1,DAMAGE,9,0,2,5424,0,0,DEFEAT
88,1,DAMAGE,12,0,6,6497,0,1208,DEFEAT
88,1,SUPPORT,2,10,6,500,6653,0,DEFEAT
88,1,SUPPORT,3,6,5,1845,6411,856,DEFEAT
88,2,TANK,18,6,1,6348,0,3218,VICTORY
88,2,DAMAGE,15,0,5,5939,1065,0,VICTORY
88,2,DAMAGE,19,0,2,6671,0,14,VICTORY
88,2,SUPPORT,15,17,3,3361,6203,2747,VICTORY
88,2,SUPPORT,9,12,3,1669,6584,157,VICTORY
89,1,TANK,4,1,4,3579,0,4167,DEFEAT
89,1,DAMAGE,5,0,4,1356,0,0,DEFEAT
89,1,DAMAGE,6,0,7,2559,561,0,DEFEAT
89,1,SUPPORT,2,3,4,1240,2913,60,DEFEAT
89,1,SUPPORT,3,3,3,412,3139,0,DEFEAT
89,2,TANK,8,1,2,4698,0,4709,VICTORY
89,2,DAMAGE,7,0,2,2639,0,5,VICTORY
89,2,DAMAGE,16,2,5,5638,0,0,VICTORY
89,2,SUPPORT,5,4,1,1247,1798,0,VICTORY
89,2,SUPPORT,0,13,1,0,3460,0,VICTORY
90,1,TANK,0,0,2,6129,0,13360,DEFEAT
90,1,DAMAGE,2,0,3,2898,0,0,DEFEAT
90,1,DAMAGE,3,1,7,3163,0,120,DEFEAT
90,1,SUPPORT,0,0,2,465,6422,559,DEFEAT
90,1,SUPPORT,0,1,3,887,5134,0,DEFEAT
90,2,TANK,14,1,0,5657,0,7529,VICTORY
90,2,DAMAGE,7,1,3,4832,0,0,VICTORY
90,2,DAMAGE,9,0,0,6165,0,346,VICTORY
90,2,SUPPORT,4,8,0,574,6137,123,VICTORY
90,2,SUPPORT,3,9,1,308,5793,0,VICTORY
91,1,TANK,2,1,7,5394,669,4069,DEFEAT
91,1,DAMAGE,4,0,3,2556,0,0,DEFEAT
91,1,DAMAGE,2,0,7,3637,25,929,DEFEAT
91,1,SUPPORT,0,1,5,920,4793,0,DEFEAT
91,1,SUPPORT,0,1,6,166,6345,279,DEFEAT
91,2,TANK,21,4,0,9934,1327,1047,VICTORY
91,2,DAMAGE,8,0,2,5372,1062,0,VICTORY
91,2,DAMAGE,12,1,1,4625,0,0,VICTORY
91,2,SUPPORT,8,15,1,1604,2805,0,VICTORY
91,2,SUPPORT,1,8,2,65,4650,154,VICTORY
92,1,TANK,5,1,6,8285,0,9628,DEFEAT
92,1,DAMAGE,7,0,3,5204,0,0,DEFEAT
92,1,DAMAGE,9,4,9,6725,0,1193,DEFEAT
92,1,SUPPORT,8,5,3,4985,8430,1361,DEFEAT
92,1,SUPPORT,1,8,7,90,8446,0,DEFEAT
92,2,TANK,16,3,2,9776,2658,3445,VICTORY
92,2,DAMAGE,13,0,3,6260,0,1159,VICTORY
92,2,DAMAGE,13,1,4,7277,0,175,VICTORY
92,2,SUPPORT,1,11,2,1140,7653,212,VICTORY
92,2,SUPPORT,15,13,2,3340,10012,0,VICTORY
93,1,TANK,10,1,5,6459,0,10966,DEFEAT
93,1,DAMAGE,11,0,4,4631,0,0,DEFEAT
93,1,DAMAGE,6,0,10,4571,273,0,DEFEAT
93,1,SUPPORT,4,7,7,1777,6681,540,DEFEAT
93,1,SUPPORT,4,9,7,2146,7547,147,DEFEAT
93,2,TANK,14,0,4,7474,0,7423,VICTORY
93,2,DAMAGE,17,1,4,7691,126,1010,VICTORY
93,2,DAMAGE,14,0,2,6916,0,732,VICTORY
93,2,SUPPORT,0,12,4,0,7556,0,VICTORY
93,2,SUPPORT,8,4,3,3477,6221,986,VICTORY
94,1,TANK,9,3,9,3647,2025,648,DEFEAT
94,1,DAMAGE,6,0,0,3399,0,0,DEFEAT
94,1,DAMAGE,9,0,3,11794,0,330,DEFEAT
94,1,SUPPORT,2,4,4,350,4780,115,DEFEAT
94,1,SUPPORT,0,6,4,77,7003,500,DEFEAT
94,2,TANK,16,6,4,8218,2579,5721,VICTORY
94,2,DAMAGE,15,0,3,6124,0,1620,VICTORY
94,2,DAMAGE,9,1,3,5167,0,0,VICTORY
94,2,SUPPORT,9,16,1,2444,6028,1631,VICTORY
94,2,SUPPORT,10,14,2,1517,4686,15,VICTORY
95,1,TANK,25,7,9,11134,813,4805,DEFEAT
95,1,DAMAGE,21,0,7,7992,0,0,DEFEAT
95,1,DAMAGE,28,2,9,10558,1853,0,DEFEAT
95,1,SUPPORT,14,17,6,3319,8193,422,DEFEAT
95,1,SUPPORT,4,32,8,375,14511,0,DEFEAT
95,2,TANK,24,7,9,10299,0,10941,VICTORY
95,2,DAMAGE,22,0,9,9002,851,56,VICTORY
95,2,DAMAGE,19,2,10,9967,506,0,VICTORY
95,2,SUPPORT,10,19,11,4181,8317,417,VICTORY
95,2,SUPPORT,19,9,9,6648,7759,98,VICTORY
96,1,TANK,20,6,12,13989,1872,7796,DEFEAT
96,1,DAMAGE,25,0,4,9595,0,0,DEFEAT
96,1,DAMAGE,9,2,6,5368,1143,0,DEFEAT
96,1,SUPPORT,10,20,9,3120,16355,767,DEFEAT
96,1,SUPPORT,8,15,11,5374,13686,1424,DEFEAT
96,2,TANK,24,4,6,19802,0,18129,VICTORY
96,2,DAMAGE,29,0,8,12935,1044,277,VICTORY
96,2,DAMAGE,31,0,8,11001,0,2285,VICTORY
96,2,SUPPORT,19,28,6,3874,12969,498,VICTORY
96,2,SUPPORT,19,24,8,4524,15961,0,VICTORY
97,1,TANK,15,3,12,8782,0,12657,DEFEAT
97,1,DAMAGE,20,0,12,9917,0,0,DEFEAT
97,1,DAMAGE,16,4,15,7964,1313,32,DEFEAT
97,1,SUPPORT,4,4,14,2685,8259,546,DEFEAT
97,1,SUPPORT,7,11,12,3211,10456,2802,DEFEAT
97,2,TANK,36,5,7,14161,0,11866,VICTORY
97,2,DAMAGE,42,7,10,13616,0,0,VICTORY
97,2,DAMAGE,19,7,4,8921,501,2879,VICTORY
97,2,SUPPORT,17,17,5,5888,10098,932,VICTORY
97,2,SUPPORT,3,20,5,993,9095,121,VICTORY
98,1,TANK,26,9,8,12065,1999,7051,DEFEAT
98,1,DAMAGE,25,4,5,12063,0,0,DEFEAT
98,1,DAMAGE,17,3,12,9023,224,468,DEFEAT
98,1,SUPPORT,5,25,6,705,12416,122,DEFEAT
98,1,SUPPORT,15,9,7,5492,12588,0,DEFEAT
98,2,TANK,22,9,9,10509,0,5684,VICTORY
98,2,DAMAGE,26,1,6,12048,0,818,VICTORY
98,2,DAMAGE,22,4,10,12543,95,1700,VICTORY
98,2,SUPPORT,15,9,9,4640,10620,1508,VICTORY
98,2,SUPPORT,1,28,8,225,13050,0,VICTORY
